num_functions,num_classes,avg_function_length,max_function_length,avg_class_size,max_nesting_depth,avg_params_per_function,cyclomatic_complexity,total_lines,code_lines,total_variables,bad_var_name_ratio,avg_variable_name_length,naming_consistency,docstring_ratio,type_hint_ratio,try_except_count,error_handling_ratio,magic_number_count,comment_ratio,avg_returns_per_function,import_count,repo_name,quality_label
-0.6982850552195498,-0.8487506435163706,1.753712581680321,0.17327952883983844,-0.8518251379536307,0.8259903728881537,-1.4363604924827453,-0.17638600976797447,-0.5914449539466391,-0.5514652140274263,-0.4587555990979896,-0.10290568469131547,0.4141015864609981,1.0037358226487914,-0.7147385556541396,-0.45791790974995833,-0.6471551024731798,-0.6134989209653543,-0.7963077597862107,1.3306794440779743,-1.4673683520356744,-1.7039348693841372,vinta/awesome-python,1
0.577263986562152,0.7789647199635015,-0.02382583670790476,0.015893144079152346,1.1395948473726751,-0.028131661847719192,1.2503820897262168,1.1283556222398574,0.15393681119169275,0.36261575905697746,0.8744196824452124,0.6405374113352167,0.23790679761514943,-0.2324967722708694,-0.5508334440623858,-0.26920367030111825,-0.16871047399550107,-0.39301374277835893,-0.11472044185142939,-0.66829812795568,0.8482545893091558,-0.0644371517457159,AUTOMATIC1111/stable-diffusion-webui,1
-0.0356621763719125,-0.28503969512507293,1.5952349423074106,2.156463278205261,0.27306588874308013,0.9480078064218498,0.1820204925771545,1.1479757971572686,1.2054108779215191,1.3574351228101036,0.926361576531311,0.015712752426875105,0.31086317612059244,0.2775968312239991,0.3923344457823944,-0.03224669294806274,2.0868142031135557,1.341890718893695,-0.2754935301350489,0.17194157244312924,0.8502598231583673,0.787702999367263,huggingface/transformers,1
-0.3504080438245401,-0.4541529796424622,-0.29936038998474934,-0.5248703317652565,-0.684180088168508,-0.24166217053168743,-0.5690398998117131,0.012458173812106513,-0.4310860177886378,-0.26128077812761563,-0.41285346013818136,0.1072928000794313,0.1834518110399732,-0.04843239627175229,-0.6072228173164296,0.27849329531732037,-0.24845124540844749,0.06411135027292972,-0.7051652695972573,-0.4893722279095692,0.3870730226480962,0.07509456890436231,yt-dlp/yt-dlp,1
-0.5359424499018786,-0.05955531576855379,-0.6334710316330481,-0.7589321347426873,-0.7058405208413775,-0.11354386532130656,-0.8256241557319779,-0.38812039741836823,-0.7502368646698717,-0.625393153649521,-0.590019610509371,0.21513941092271058,0.2776763827314804,0.037616350382112196,-0.7147385556541396,-0.45791790974995833,1.426104954263428,0.03953867010714599,-0.610060062443567,-0.11743674252431158,-0.5467810021947663,0.5983385213421563,ytdl-org/youtube-dl,1
0.785990193399158,0.9269388439162173,0.7619233594994083,1.5877392175224152,0.06052887448241126,0.8259903728881537,0.002455199436569083,1.3744253159957207,0.7703001488673982,1.0500765060101005,0.9891750298447329,0.8232905145218894,0.2309780568235328,0.06923684814148467,0.22366759497999927,1.6756785783170975,0.22999338306923128,-0.12070616536695694,0.15078159478595635,-0.7802769875233257,0.12039166378546014,0.5285726610171173,openai/whisper,1
-0.3735998445842075,0.18706822415263896,3.187058204016398,2.9053457463522623,-0.3529571349179053,2.1498795267287565,-0.48987895990458685,1.2084713364859527,1.8933350437849974,2.158304685017949,0.5961882962940941,-0.5382269704349634,1.1703013494129557,1.3894352750605359,0.9585147900756266,2.9544967329153087,2.5424757540446783,2.82407010889348,-0.24549010168775368,-0.3399897786826602,1.4305909611256151,0.9122848928048328,Shubhamsaboo/awesome-llm-apps,1
-0.3793977947741243,-0.4788153336345815,-0.8776765554073866,-0.5732969116916216,0.8213368679848742,-1.0424015780965683,-0.9464590195956372,-0.3194497852074297,0.12416332793108671,0.16190485755960832,-0.6595774570471505,-0.9291130771453069,1.387304681541548,2.1433530341763816,0.32954137394415767,-0.45791790974995833,0.050576647390101696,-0.31099433559112066,-0.6576126660204121,1.0927559627508399,-0.9709757677287634,-0.9408707720790209,django/django,1
-0.7330727563590507,-0.30617885568974657,-0.18848662256108673,-0.2746663354790376,-0.0070682637117136,-0.8822536965835921,-0.805094415478959,-0.2164438668910219,-0.6337546406853951,-0.4713190364931929,-0.6870583428717725,-0.7785390298033873,0.24912828407431276,1.1652739538055952,0.9550818877420783,2.4820512942951343,-0.009228931169608106,-0.1798283473728526,-0.772531457997788,1.9097343439253944,-0.6704295409163199,-0.5004737787772109,microsoft/markitdown,1
0.4033254808646473,0.33504234810535455,0.19527427376192158,0.09458633645949525,0.969651633124409,-0.7541353913732113,-0.125861706603917,-0.30228213215469507,0.13669953140923652,0.22719635563706567,-0.3097749726494892,-0.8814589597206854,0.5898556984250407,0.05003859410499843,1.5988895238539342,1.75713738532873,-0.4876735596472868,0.1996334045205869,-0.5387311570782991,2.987364996846936,-0.10498558014020586,0.17974335939192135,tensorflow/models,1
-0.4779629480027103,-0.7501012275478935,-0.1579542333241042,-0.175795401462709,-0.7919519058875154,1.167639186782503,-0.6123023433129378,0.3214759287613298,-0.03306155735737725,0.16363214586853578,-0.13462207398706313,1.3008099800515458,0.11384297043327206,-0.5266410354513001,-0.5555594105827246,-0.45791790974995833,1.904549582741107,1.7920175419305546,-0.45155138385408294,-0.014013955981082455,-0.23875435156000277,0.7029873118297153,swisskyrepo/PayloadsAllTheThings,1
3.6385816868382364,1.1735623838374099,-0.40441318999572473,0.24591939872938579,4.701076947360002,0.655165965940979,0.042510242672730014,3.7836192943961473,2.187935825521521,2.490634955655589,1.8697713272578955,0.22691589206799145,0.25129763240605646,-0.18375237554750604,-0.45439431841574907,3.3358970548630094,5.492884296323697,0.865579397238616,0.27362582069280655,2.0422916168236482,1.2377983977535079,1.540177635730186,infiniflow/ragflow,1
-0.24894391550099568,-0.17053590873309057,0.4800220774781824,0.8088783903733787,0.21409982685978482,0.4523119826912093,-0.16103240448185302,0.20988618391855474,-0.05473874253834474,0.0833132395034096,-0.3208478570476886,-0.2354501889150578,1.182044534259258,0.7776756821084974,1.638424369039707,3.3234613995068814,1.5457161113828477,1.3515708656256695,-0.6477058736085695,0.1384706613283441,0.0925796126408842,-0.13420301207075516,sherlock-project/sherlock,1
-0.6982850552195498,-0.8487506435163706,0.023543858251294094,-0.18991982060789883,-0.8518251379536307,-0.8822536965835921,2.658338385379652,-0.6341900911742313,-0.40340190177438995,-0.2060075522419374,-0.619815735799071,-0.9733811710837238,1.534805672642036,0.6547039659268018,-0.7147385556541396,-0.45791790974995833,-0.6471551024731798,-0.6134989209653543,-0.7963077597862107,-0.4579338785110993,-0.04426333217968382,0.04021163874184283,pallets/flask,1
0.5386109852960399,-0.5199192569547803,1.1981927219518838,1.7000619792960672,-0.7913471257656354,1.964819752535984,0.4056852943778525,2.5895136487281603,1.8687849786402868,2.129286241427968,1.4592021954507224,1.5044121210298134,0.793093639894203,1.1051113690598362,1.7012328139857837,3.038261684249613,1.4792654685387256,1.301879445734862,-0.38682700676337695,0.06705471540004114,1.7425240816395042,0.7378702419922348,vllm-project/vllm,1
-0.4663670476228767,-0.19108787039319,0.8425873155608334,-0.2437271316371932,-0.821586131859633,-0.31283900675967674,-0.9488963403562694,-0.5578894109398551,-0.5740335602269864,-0.47776757951318866,-0.5204953181667376,-0.7262784523658787,0.2425269150205033,-0.18222560730724593,3.846535192006295,3.5150134470677354,-0.6471551024731798,-0.6134989209653543,-0.7434715335897161,-0.5528146424810004,-1.0607669177911059,0.2727645064919736,ansible/ansible,1
-1.022970265854892,-0.799425935532132,-1.0938567756299524,-1.0797582267548553,-0.8119096499095537,-0.6260170861628301,-1.2742786619006923,-0.7314734584730609,-1.040136570102089,-0.8706680935172181,-0.9218034921135988,-0.5721292843712193,0.4351586544020107,-0.9735722807536441,-0.7147385556541396,-0.010963132107967776,0.22999338306923128,-0.3085742989081264,-0.6615753829851493,-0.32270760345763067,-1.2064657650620763,-0.8318616153211471,xtekky/gpt4free,1
0.20619517440747528,-0.6021271035951778,0.45183811468783686,-0.07087114495558498,-0.7130280999821816,-0.3270743740052748,0.49245647008653376,-0.6112998871039185,0.2589275153211986,0.5470901504504285,-0.29648751137164997,-0.818704373117074,1.025136250940236,1.6321529364959275,-0.6414323704238826,-0.45791790974995833,-0.5674143310602333,-0.5321856884167602,0.37665646177597123,-0.8331420697847884,-0.8294029614300029,-0.5527981740209904,keras-team/keras,1
0.26417467630664354,0.28571764012111595,-0.7116838083653392,-0.6540078782355632,-0.14792155409755448,-0.15624996705810004,-0.11658052639223804,-0.37095274436563364,-0.6854664800327637,-0.5148467018781645,-0.3846679362154921,1.4407126135420945,-0.3652743183992255,-0.47495913559685915,-0.6726759721289165,3.0449560008215397,0.38947492589512417,-0.024113769851708742,-0.05131697041563572,-0.6723212987402187,0.2474915951457376,-0.34350059304587277,commaai/openpilot,1
-0.5475383502817123,-0.35550356367398517,-0.36905067856386686,-0.3715194953317675,-0.06984444036285263,-0.540604882689243,0.13905717480564372,-0.5311841728578235,-0.6567376803953366,-0.5411014841738616,-0.5308300102717236,0.43886668576998605,0.9831045019243645,0.7368063515803099,0.01971960493853031,-0.4037415730660812,-0.16871047399550107,-0.43714424777554695,-0.42381236510092324,0.21539168538253484,-0.5291047393773743,0.005328708579323359,CorentinJ/Real-Time-Voice-Cloning,1
-0.95339486357589,-0.8487506435163706,-1.2537277581624877,-1.1665225157895924,-0.8518251379536307,-1.6509635278458776,-0.8562781514522391,-0.9889882542640803,-0.7491921810466924,-0.6689208190344925,-0.568276492054725,2.7266474234510762,-0.31430059220274437,-1.1680190050613035,-0.7147385556541396,-0.45791790974995833,-0.6471551024731798,-0.6134989209653543,0.6619720832370423,-0.1398069854966738,-0.6135053401220801,-1.6690519392216177,Asabeneh/30-Days-Of-Python,1
2.6838525555652653,3.837096614986292,2.447609564186102,3.9364283439511167,-0.3141025043128952,2.6765881148158788,2.9194111699113865,3.1426935804273874,3.8223433539853193,4.383973247347926,3.9227512030743483,2.6159491407902205,-0.7500773909541357,-0.9559450333114641,4.661048361231373,-0.45791790974995833,1.0805616114739933,0.04941090893703508,2.5984197733385725,0.10088315369652473,0.2974495900112504,4.429647017525559,ultralytics/yolov5,1
3.8241160929155744,3.5904730750650993,-1.177633470257914,-0.7548965864154902,-0.4889570648256594,-1.3093147139515284,-0.9007167439251642,-1.034768662404706,-0.31982721192005703,-0.17837093929909828,-0.5835772050413277,-0.9733811710837238,-1.5361095918608068,-1.7732070971828118,-0.7147385556541396,-0.45791790974995833,-0.6471551024731798,-0.6134989209653543,0.4321344992822906,-0.9762359477545095,-1.4673683520356744,0.04021163874184283,Textualize/rich,1
0.14821567250830703,0.23639293213687756,3.1521929369539343,1.7673211180826855,2.6498517677312914,0.39892935552021724,3.9262138964393807,0.6648289898160227,0.8376822425624543,1.1246953609557662,0.9408569888344085,-0.04716594046863094,-0.3266307826504029,-0.09188986812917008,0.24051532865769779,2.372850255215571,-0.4079327882343404,-0.47797686671769796,0.03586280280858047,-0.2198951421037372,0.3562651447457192,-0.029554221583196427,RVC-Boss/GPT-SoVITS,1
1.0716155290708496,1.383841402086006,-0.23041055339662714,0.14779185519438334,1.177199438740516,0.3314986685673852,-0.3519197021874083,1.3777383718480025,1.2488477233063366,1.1787322120518962,0.12402779028092371,-0.2855894714073921,0.9672865438671193,0.08840989024293726,1.9796430065055843,-0.42655266219613464,2.7942887164013515,3.0843714567596607,-0.3499806911263478,0.3140628104889011,0.23195196203187685,0.7929485527751605,psf/requests,1
-0.7910522582582189,-0.4541529796424622,-1.0295907526417607,-0.9808872927385268,-0.7304659268297202,-0.31283900675967674,-1.0094948251500313,-0.4052880504711029,-0.6088563476662918,-0.5127739559074516,-0.23971381318451876,0.1591852092244219,1.0332964908618305,2.4443599846247563,-0.6467444128318723,-0.45791790974995833,-0.5408340739225846,-0.6134989209653543,-0.06716783827458421,2.1610961718620443,-0.4702647041365752,-0.634191677733536,karpathy/nanoGPT,1
-0.4315793464833757,-0.8487506435163706,0.5567544239116465,1.2870908671462329,-0.8518251379536307,0.22810494857304253,-0.1408185377387819,-0.07910264246914493,0.8136545192293334,0.9547301913573054,0.07999055816712797,0.03855076689999035,1.348951979577394,0.8217395016040602,0.1245641448082231,0.7598719191876384,0.9476603257857493,3.9064562013554096,0.5946058948365117,-0.19388169006063913,1.9307589388552384,2.7087557961745925,unslothai/unsloth,1
-0.6209790526873253,0.1377435161684004,-1.0111648881131239,-1.0239331415619624,-0.7671559208904374,-0.8822536965835921,-0.5264274085133237,-0.977543152228924,-1.1729855041830393,-1.0811669620985094,-1.0170974063284053,-0.9733811710837238,0.8344296736534981,-0.7521015527441303,-0.7147385556541396,-0.45791790974995833,0.4160551830327729,2.0969421639877828,-0.7698896466879633,-1.0082764393077377,-0.8348772320996786,-1.0062762661337452,charlax/professional-programming,1
0.681627089980655,1.321536507790126,0.05970276983997641,0.6151720706679189,1.0145695167480355,0.14269274509945554,0.6038928123762035,0.33292103079648616,0.5665868423474616,0.7626557314045735,0.7725491459817783,-0.39513314667096405,1.2358530167892003,1.2214809631049182,-0.20495667958383718,0.1658754973069064,-0.5674143310602333,-0.6134989209653543,-0.11868315881616641,-0.6739266785198328,0.19475082855093484,0.6506629165859358,lllyasviel/Fooocus,1
-0.2344490400262036,-0.35550356367398517,-0.42172015145470554,-0.23027530387986966,1.924115621475349,-0.45519267921565565,0.03517191674905371,-0.11916049959219237,-0.5601044452512642,-0.3856455363703916,-0.4023845512526111,-0.9733811710837238,-1.3781948002537137,-1.1493416864926773,-0.7147385556541396,1.0319313490566768,-0.6471551024731798,-0.6134989209653543,-0.6377990811967267,-0.724356939012363,-0.5779277146256803,-0.6574469645085491,mem0ai/mem0,1
-0.9302030628162228,-0.8487506435163706,-0.27499505873253804,-0.39976833362214703,-0.8518251379536307,-0.7114292896364175,-1.2316255485896255,-0.7028607033851698,-0.9800672617692873,-0.8775772467529279,-0.9016709750259636,1.0900851529812554,0.8211657993799008,0.7772346292394279,-0.3237722344261027,0.3366683616135796,-0.32819201682139393,1.012765730006528,-0.732904288350417,0.1241297666373809,-1.2776210160548758,-0.3086176628833532,freqtrade/freqtrade,1
0.9135450975773278,0.18706822415263896,0.8350744476390594,1.1579533206759263,0.26874171087163856,1.423875797203265,0.867720343162889,1.2885870507320476,1.443598744006368,1.5876086277483212,1.4920853066938597,0.326715902103381,0.5754050048142403,0.7985431166345225,2.152740433944628,0.23142388192095711,0.3097341544821776,0.12744184870019978,0.3092902733754404,0.46626349747142826,1.110066498049465,1.4355288452426267,karpathy/nanochat,1
-0.49213571513361815,-0.6295297191419771,0.17553269179870865,-0.44102060541127275,-0.49702079978405866,0.16167323476025264,-0.6943317275791098,-0.4943055107445417,-0.33491708647708934,-0.1154208764848536,-0.49186240497543415,3.0380751719451498,-0.029879702048515002,-1.005023323430571,-0.7147385556541396,2.1276405923060007,-0.46995338822218763,0.28998144068569137,-0.20630323392535346,-0.3734094202715466,-1.4071311025179607,0.04021163874184283,mitmproxy/mitmproxy,1
-0.7214768559792171,-0.8487506435163706,0.29960754426901387,-0.2827374321334317,-0.8518251379536307,-0.2843682722684811,-0.073288857099087,-0.3766752953832118,-0.6812877455400469,-0.6177930850902401,-0.7752387677156146,1.0490348516749686,-0.9080517326455847,-0.8402457972829644,-0.42151381473311156,0.1380217937726958,0.8679195543728029,2.474467886534826,-0.6615753829851493,0.18302136615621378,1.0603372308513948,-0.4655908486146914,9001/copyparty,1
-0.3156203426850392,-0.5034776876267009,0.49940083733165175,0.17529730300343688,-0.4200121309313449,0.22810494857304253,0.04284947714504554,-0.15349580569766172,-0.4603371592376543,-0.3345178024261392,-0.37339372664641646,-0.6141162136087608,0.2727779436972013,0.2722452878627477,0.5714517852040057,2.4792134861831223,-0.4876735596472868,-0.46442466129293203,-0.6813889678088348,1.3268442410856929,0.738444428741111,-0.4830323136959512,hpcaitech/ColossalAI,1
0.5192844846629838,2.949251871269998,-0.4789027231372794,-0.35537730202297924,0.4796211222564754,-0.15624996705810004,-0.12342545416935538,0.6018809286226622,0.15654852024964067,0.29145148072916666,-0.28481065146082163,-0.2362551209046206,0.9397669499243123,0.34097375165536564,1.546810984277436,-0.45791790974995833,-0.08896970258255463,-0.06416074792581425,-0.6457245151262009,-0.5458497607507552,1.1333473047039067,-0.09932008190823569,chubin/cheat.sh,1
0.6700311896008214,0.18706822415263896,0.1603673884452089,1.6139702816491965,2.063063854477268,-0.3270743740052748,-0.6590970762086446,2.736392458179335,1.3286835454566603,1.5772448978947566,0.6034360024456428,-0.8729660255521174,2.779052428613773,1.403516246975975,0.10605009873552788,-0.4512219580249857,2.7816980682835175,-0.26780529141709125,-0.5545820249372476,-0.5367224692301462,0.461215601282006,0.2669506847982204,Aider-AI/aider,1
-0.048914633948865194,0.03909410019992329,1.4940812579255613,1.0550468383324008,-0.570753576309923,0.6978720676777729,1.6916766607065115,0.9337888876421983,0.4720429744497477,0.7661103080224284,1.5287264877933557,-0.4389125480818621,0.37803249662709215,0.2753086164758321,-0.5466738123729966,-0.408256267789738,-0.4079327882343404,-0.40005168552529474,0.4440226501765019,-0.4581429274783434,-0.24073088630980258,1.9936557278429403,jingyaogong/minimind,1
-1.162121070412896,-0.8487506435163706,-1.299526342017962,-1.198806902407169,-0.8518251379536307,-1.736375731319465,-1.4363604924827453,-1.1856359165044952,-1.1698197962340113,-1.311472069955502,-1.167420200582748,-0.9733811710837238,-3.008196632265912,-1.798214360480517,-0.7147385556541396,-0.45791790974995833,-0.6471551024731798,-0.6134989209653543,-0.7963077597862107,-1.0082764393077377,-1.4673683520356744,-1.7039348693841372,mthbernardes/fses,0
-1.162121070412896,-0.8487506435163706,-1.299526342017962,-1.198806902407169,-0.8518251379536307,-1.736375731319465,-1.4363604924827453,-1.2064451929320523,3.3783528141341757,-1.311472069955502,-1.167420200582748,-0.9733811710837238,-3.008196632265912,-1.798214360480517,-0.7147385556541396,-0.45791790974995833,-0.6471551024731798,-0.6134989209653543,-0.7963077597862107,-1.0082764393077377,-1.4673683520356744,-1.7039348693841372,BorjaMerino/tlsInjector,0
-1.162121070412896,-0.8487506435163706,-1.299526342017962,-1.198806902407169,-0.8518251379536307,-1.736375731319465,-1.4363604924827453,-1.2064451929320523,2.7097552952995123,-1.311472069955502,-1.167420200582748,-0.9733811710837238,-3.008196632265912,-1.798214360480517,-0.7147385556541396,-0.45791790974995833,-0.6471551024731798,-0.6134989209653543,-0.7963077597862107,-1.0082764393077377,-1.4673683520356744,-1.7039348693841372,schvarcz/quadtree-X-occupancy-grid,0
2.6065465530330414,1.1242376758531716,-0.8905646677224482,-0.08903111242797182,0.30416886643976343,-0.6687231878996238,-0.7318520900129992,-0.43390080555899396,0.6830690663319382,0.5367264205968638,0.1975644579589174,-0.5946997448000209,1.309479879521708,0.2889817673905619,-0.42151381473311156,-0.45791790974995833,-0.24845124540844749,-0.6134989209653543,-0.6576126660204121,1.7924451065178704,-0.4537723853762302,1.2611141944300288,Pylons/pyramid_beaker,0
-0.3156203426850392,0.03909410019992329,-0.01854556901126764,-0.1414932406815339,1.2237802403383646,-0.7114292896364175,1.0418795601014328,-0.48540376471719787,-0.6039811574247891,-0.530737754320297,-0.33433664349640413,-0.05294235704109799,0.005864244998182209,-0.11501259132795878,-0.3058529447031507,-0.45791790974995833,-0.6471551024731798,-0.6134989209653543,-0.5070294213604023,-0.5533831249244384,-0.5081586048859873,-0.8318616153211471,astooke/accel_rl,0
-0.41482971260139373,-0.5199192569547803,-0.4960093495467471,-0.5889907107418324,-0.14624832909368665,0.06677078645626673,0.2880890812343045,-0.5197390708226671,-0.8270791489526056,-0.635910420241657,-0.42296445760886037,-0.4466160586439552,0.25607784806780975,0.45119041974051033,0.49074093479897507,-0.45791790974995833,-0.6471551024731798,-0.6134989209653543,-0.46167832720841107,-0.31630253896792354,-0.1303524012820832,-0.34737647417504164,blackredscarf/pytorch-SkipGram,0
-0.3967916453438748,0.03909410019992329,-0.9603623849104774,-0.9243896161577676,-0.4838164337896798,-1.2666086122147349,-0.05482615233729687,-0.6914156013500135,-1.0620749261888514,-0.9501233557278804,-0.8505343816233704,1.2665902299421326,-1.0283417039588383,-1.541720876938792,-0.7147385556541396,-0.45791790974995833,-0.4876735596472868,-0.1561119878795124,-0.13453402667511488,2.831454662677117,0.3565779150797536,-0.8841860105649265,hatching/roach,0
0.9715245994764962,0.5323411800423087,-0.8077688514463566,-0.6499723299083661,0.8971989745231908,0.028809807134672513,-0.003723044904330694,-0.2908370301195387,-0.4758332996481452,-0.4114397084503747,-0.5092211085976618,0.7328983906167006,-0.03943605065395213,-0.7216882038129355,-0.023663543494204287,-0.45791790974995833,-0.11554995972020345,-0.2856646183091178,-0.6430827038163761,-0.2608547265937633,0.3298784387452263,-0.19234122900828793,jacky-xbb/blockchain-py,0
1.1570590055538348,2.1107318355379427,-0.8313630403842251,-0.8356075529594318,-0.2833318233864757,-0.8822536965835921,0.09915158671565368,-0.7486411115257955,-0.47652975539693126,-0.3994638428418112,-0.4587555990979896,-0.9733811710837238,0.2964968366765685,0.014812228603153335,-0.7147385556541396,-0.45791790974995833,-0.6471551024731798,-0.6134989209653543,-0.7170534204914687,0.025788267031207873,0.24035767179151424,-0.3086176628833532,facebookresearch/binary-image-selection,0
0.4613049827638156,-0.5199192569547803,1.3534359087727748,1.8076766013546564,2.2748880921657215,0.39892935552021724,0.7267086973445648,0.49124494228281684,0.6134234914533279,0.81424407556454,1.1531879357186676,0.14017755555016714,0.14036278987341733,0.47760992377401246,-0.23417578581134396,-0.45791790974995833,-0.6471551024731798,-0.6134989209653543,1.2378869487788344,-0.6688312198570607,1.2025004134767603,0.5053173742421041,cjlin1/simpleNN,0
0.11342797136880599,0.28571764012111595,0.07925834153380254,-0.21816865889827838,0.8543805418940902,0.3562232537834238,0.5556796866582797,0.24708276553281303,-0.4028795599628004,-0.12102496744270702,-0.08187487921745885,-0.3181978284077757,1.400584927499957,0.6186715277803798,1.7239138730057426,-0.45791790974995833,0.07051184024333833,0.2504541748634581,-0.7130907035267315,-0.22441958263011724,0.8848907051191486,-0.7272128248335884,OS-ABC/AIOsp-Fault-Diagnosis,0
1.3889770131505077,3.0972259952227135,1.4391364501477708,2.675319491702029,1.4161003190961894,4.242478511831646,1.2624183133811069,1.9981833769117454,2.135179302550973,2.4747439032134566,4.083140255872508,0.0840062295647212,0.18228314409451177,1.1159756170650146,2.0220256929421216,-0.45791790974995833,-0.6471551024731798,-0.6134989209653543,2.136102794119244,-0.07269408595345345,-0.1736365158029559,0.7378702419922348,GZQ0723/YoloV4,0
-0.988182564715391,-0.6021271035951778,-0.9305933054044193,-1.0474738401372785,-0.3800966428872681,-1.0957842052675604,0.22711092664885357,-0.8058666217015776,-1.1529624014054385,-1.0040147509664168,-0.9177769886960718,-0.9733811710837238,-0.6938681618801115,-0.09526438573407013,-0.7147385556541396,-0.45791790974995833,-0.6471551024731798,-0.6134989209653543,-0.41984964813618614,-1.0082764393077377,-1.1115920970716768,-1.2678982423526421,alexdotpink/haveibeenfacebooked-api,0
0.6004557873218194,0.08841880818416178,0.4462827456617442,1.0651357091503935,0.026617989076999773,-0.11354386532130656,1.1307076182470523,1.031072254941028,0.4537610110441124,0.45105292047406254,0.7749650480322944,1.2901302899355733,-0.5789773450976927,-0.4126309974765764,1.0988692866463223,0.5544945980735853,0.4692156973080705,-0.10494072946531148,0.5589414421538779,2.8109636877026345,1.8044248413767292,0.21462628955444082,hongyixu37/omniavatar-proj,0
-1.0461620666145592,-0.8487506435163706,-0.8415405034632194,-1.0172072276833004,-0.8518251379536307,-0.8822536965835921,0.09915158671565368,-0.7486411115257955,-0.784711424234784,-0.8140130369843979,-0.6641072733918685,-0.8082909926299912,1.5897210210397987,2.7968702704729234,-0.7147385556541396,-0.45791790974995833,0.15025261165628476,3.4521627064643514,-0.16227304542827456,3.0793972440387662,-1.4673683520356744,-0.4830323136959512,datacorruption/Rave-Strategies,0
-1.162121070412896,0.6309905960107859,-1.299526342017962,-1.198806902407169,-0.026300271587496118,0.18539884683624902,-1.4363604924827453,-0.2908370301195387,-0.732477243075826,-0.530737754320297,-0.833220416928004,-0.9099690495584507,0.959044390145181,0.19491420765119977,1.4844470012535702,-0.45791790974995833,-0.6471551024731798,-0.6134989209653543,-0.45947681778355715,-0.9065827052474894,-1.4673683520356744,-1.180690916946343,apurv-r/discord-together,0
0.681627089980655,1.4695106317428415,0.7654010061423454,0.8330916803365612,0.8260326367196634,0.3135171520466299,1.95581102221589,0.6762740918511788,0.6496391903902051,0.8863295743237788,1.0072942952236046,0.07254572942855561,0.7764857062255859,0.20772402831691636,-0.4333501775657109,0.7719634494040402,-0.16871047399550107,-0.35930447964254375,0.23399865104543552,-0.19431303325179508,0.12509260154239352,1.1215824737799502,zhangzhenyu13/llm3s-conatiner,0
-1.162121070412896,-0.8487506435163706,-1.299526342017962,-1.198806902407169,-0.8518251379536307,-1.736375731319465,-1.4363604924827453,-1.0919941725804883,-1.2600424727813027,-1.1111066261199183,-0.9822010433765044,-0.9733811710837238,0.9618783765680319,-1.2945958635128312,-0.7147385556541396,-0.45791790974995833,-0.6471551024731798,-0.6134989209653543,-0.6377990811967267,-0.7663154858540436,-1.4673683520356744,-0.13420301207075516,ShineChen1024/MiaoBi,0
-0.11849003622786707,0.6803153039950245,0.006249627033911446,-0.2262397555526725,0.01655847971639648,0.057280541625868174,1.3551779691544616,-0.3995654994535247,-0.5914449539466391,-0.3849546210468207,-0.04040189401693056,0.061043898618108126,0.16559093606648628,0.5398164591175076,0.12619570069067684,-0.45791790974995833,-0.4876735596472868,-0.13917173109855557,-0.5030667043956653,-0.6035289302465051,0.7726927803178649,0.10997749906688209,guybuk/ANCOR,0
-0.002531032429530542,0.7296400119792631,0.3335203051715198,-0.036568984174409735,0.6601251667462493,-0.028131661847719192,1.220806600758675,-0.6112998871039185,-0.4305636759770481,-0.17284361671053036,0.5204900320445857,1.56928128359555,-0.7156256409414156,-0.46447954707459094,-0.48015876291731713,-0.45791790974995833,-0.6471551024731798,-0.6134989209653543,1.708129361927637,-0.3337384647104078,0.31354592995553654,0.04021163874184283,LA30/Cas-Gnn,0
-0.9302030628162228,-0.8487506435163706,-0.790653188068248,-0.997029486047315,-0.8518251379536307,1.6801124076240266,0.6109889464484534,-0.7486411115257955,-0.7899348423506798,-0.7034665852130414,-0.7728228656650985,-0.9733811710837238,0.06488748250927258,0.4218181975811198,-0.7147385556541396,-0.45791790974995833,-0.6471551024731798,-0.6134989209653543,-0.7963077597862107,0.7189525207309416,1.3788416876763068,0.04021163874184283,RafayKhattak/csvGPT,0
-0.9817403978377057,-0.35550356367398517,-0.9742783155781447,-0.9521900601895698,-0.4486383900336626,-1.4042171622555144,-1.2522073683460768,-1.015693492346112,-1.1776285425082798,-1.0527626654628135,-0.9772797614217491,0.11449535019848144,-0.3573529590479788,-0.7657773910079785,-0.7147385556541396,0.2672997188754932,-0.5585542453476837,-0.5489646094188514,-0.7654866278382555,-0.6594729181321856,-0.9101737939968211,-0.6380675588627049,brdevstreamers/brdevstreamers-api,0
-0.7272748061691339,-0.8487506435163706,0.18733740467885823,-0.16469764356291708,-0.8518251379536307,-0.45519267921565565,-0.5726349479336459,-0.462513560646885,-0.4347424104697648,-0.4547370687274894,-0.2634701833479283,0.9208913681999574,0.2842859399909037,-0.1082195227687177,-0.43984036104067586,-0.45791790974995833,-0.44780317394081365,0.40291648589207213,-0.27124776195854483,-0.26167588846650164,-0.08873536405018352,-0.13420301207075516,akleber/fronius-json-tools,0
-0.6982850552195498,-0.6514518115794163,-0.678701094199311,-0.6822567165259427,0.09163185217909453,-0.540604882689243,0.3141232778034297,-0.6112998871039185,0.08133129938074114,0.19748699672351372,0.2193075764135633,0.08319597102016525,0.49282960796659986,1.507850590872487,1.6310593717140842,-0.45791790974995833,-0.6471551024731798,-0.6134989209653543,1.042392911851804,-0.2852869349937641,-0.04426333217968382,0.8076361023172741,hechtlinger/graph_cnn,0
0.07477497010269374,-0.8487506435163706,-0.6775702649683116,-0.5665709978129597,-0.8518251379536307,-0.5975463516716345,-0.6401690440095014,-0.36713771035391485,-0.7829702848628187,-0.5837079291274053,-0.04536791489854707,-0.6839535534419187,0.12286904171495185,0.2020517503976888,-0.7147385556541396,-0.45791790974995833,-0.6471551024731798,-0.6134989209653543,0.44534355583141416,-1.0082764393077377,0.3668558957787136,-0.7737233983836145,HikkaV/Precise-face-alignment,0
-0.6982850552195498,-0.30069833258038675,-0.6390682221033332,-0.7638644715870392,-0.23898128111527922,-0.6924487999756203,0.3293429918864895,-0.6596236512523567,-0.901367762156457,-0.7771642197272791,-0.530337882076248,-0.8444218397663324,-0.7584975239983456,-1.124638102442322,-0.3346324100157701,-0.45791790974995833,-0.6471551024731798,-0.6134989209653543,0.013847708560040821,0.12775625026465323,-0.30780129881968216,-0.5411705306334837,RookieJunChen/Pattern-recognition-and-deep-learning,0
0.3221541782058118,-0.4541529796424622,-0.9448716874299495,-0.028497887520015603,0.7738238296596803,-0.7114292896364175,-0.7788000256260191,-0.06193498941641026,0.25057004633576524,-0.5542288753217103,-0.6697443781764063,-0.9441438265026069,-1.4665632040717564,-0.3117504622030494,-0.7147385556541396,-0.45791790974995833,0.6286972401339636,-0.1798283473728526,-0.732904288350417,1.4999641256943046,0.6711957405479161,-0.44814938353343153,zombiB/zombi-addons,0
0.5861839099312549,1.1242376758531716,-0.32227501385934193,0.030483203415941667,0.3398855224520027,-0.22523674678676683,-0.6039096912736637,-0.3700723519013909,-0.11812291236777259,-0.08376868730245678,-0.4946843988236155,-0.11304724082016987,-0.5868718145649525,-0.9033821611897508,-0.3739119171056789,-0.45791790974995833,0.824982215919678,-0.09820635387467884,-0.7109569328534117,-0.44372133811300185,-0.8905667729550505,-0.7379460341143637,johnbeard/kiplot,0
-0.6055178521808805,-0.4541529796424622,0.02015137055829565,-0.448194913548512,-0.7139352701650016,0.4843415589938046,-0.5150532449637059,-0.38239784640079005,-0.622785462642014,-0.5597561979102781,-0.40399515261962193,0.2760342863996188,0.25329278232412,0.148113984426126,0.06719408680193487,-0.45791790974995833,-0.32819201682139393,1.012765730006528,-0.5426938740430363,1.177523906083214,0.9993470157147096,0.6681043816671955,percent4/keras_bert_text_classification,0
1.423764714290009,2.4066800834433737,-0.7228763456003744,-0.28071965796983317,1.0313737644202714,-0.24166217053168743,-0.18506490928279132,0.13263174518124882,0.32892131807420233,0.21821445643064308,-0.33836314691393116,-0.2465156920571459,-0.6414633530873969,-1.15935498544698,0.9619597165547783,-0.45791790974995833,0.9476603257857493,-0.16071283922856117,-0.6734635338793605,0.3277057143414975,0.8212937550831706,-0.5179152438584708,google/dotty,0
0.5888598869419858,1.1242376758531716,-0.016974050682053012,0.13494181973146607,0.5771190950182261,0.911402576361741,0.7975850926808672,1.2084713364859527,-0.04403073540075827,0.34119738402627703,0.9589762542132801,0.20910381548052717,0.4748942538473796,0.5240082109002048,-0.7147385556541396,-0.45791790974995833,-0.32819201682139393,-0.14594783381093895,0.9988030252396959,-0.8353653413147643,1.3657341414407909,0.6681043816671955,music-x-lab/ISMIR2019-Large-Vocabulary-Chord-Recognition,0
-0.3504080438245401,-0.35550356367398517,-0.6743393243083134,-0.8154298113234464,1.0532322459682182,-0.45519267921565565,-0.412685773017146,-0.6914156013500135,-0.27803986699289057,-0.6481933593273632,-0.8251674100929499,-0.9733811710837238,-1.5897449913365291,-0.9876848265372293,1.1179160751022854,-0.45791790974995833,-0.6471551024731798,-0.6134989209653543,-0.6377990811967267,-0.9507611306998924,-1.0607669177911059,-1.0062762661337452,jordib123/replay-jamming-attack,0
1.4005729135303415,0.08841880818416178,-0.020171952628292248,0.3730391710360941,3.5588362909168594,0.2708110503098364,0.5260482954683444,0.7964476632203213,0.7138872332157233,0.875274929146643,1.1868763476453106,-0.8737950861824231,0.034352143514019336,0.3385352710855008,-0.4869254877078027,-0.15994805798863126,-0.6471551024731798,-0.6134989209653543,1.1573117038291798,0.36232223836265337,0.5936507022382085,1.6448264262177443,wang59695487/hand_teleop_real_sim_mix_adr,0
0.71899165787123,1.562679524601959,0.20620827045130505,0.44680002657208506,0.1227348298757778,0.541283027976196,1.2967008301405074,0.30685163171640745,0.44627411174466197,0.6031310600289632,1.073105256636741,0.13339351845531588,-0.3868789329474908,-1.0890232202462642,-0.1851286941060588,-0.45791790974995833,-0.6471551024731798,-0.6134989209653543,2.409089962801133,-0.5737424879621631,0.10324947771880888,0.9704231097423656,afm-shahab-uddin/SaliencyMix,0
-0.7369380564856619,-0.6843349502355756,-0.8873390873186938,-0.7010892753861957,0.39402191311907064,-0.8822536965835921,-0.958645623398799,-0.8249417917601716,-0.9849424520107899,-0.7702550664915694,-0.8318782491221618,-0.915084487063532,0.11849062154116048,0.43610404889758286,-0.1816026630704524,-0.45791790974995833,-0.3813525310966917,-0.47797686671769796,-0.6642171942949741,-0.7447972192425494,-0.13913700017008332,-0.19234122900828793,pinple/Xweibo,0
-0.33591316834974805,0.19939940114869856,-0.28803493330249935,-0.4093527608992401,0.110909218564018,-0.3484274248736715,1.2955714150910727,-0.6341900911742313,-0.8454336598320727,-0.6542388684086092,-0.48744443594786974,-0.28964213732453103,-0.4244134374926393,-0.0013810059238793936,-0.7147385556541396,-0.45791790974995833,-0.6471551024731798,-0.6134989209653543,0.4569014803118974,-0.7777022194624886,0.35598495465481356,-0.8100597839695723,chenwj1989/pafx,0
0.9251409979571616,-0.8487506435163706,0.10270190442124984,0.25399049538378005,-0.8518251379536307,1.6801124076240266,-0.07146086652861296,1.3114772548023603,0.662175393868355,0.7612739007574316,0.8055664740055,-0.660720588216248,1.2096377163293075,1.2210299184833096,-0.7147385556541396,-0.45791790974995833,2.5424757540446783,1.1934618023367372,-0.5585447419019847,0.5051656028830169,1.0625961277083087,0.04021163874184283,nkhilgaba/YoutubeToSpotify,0
0.5047896091881918,-0.29384767869368694,0.5787108386795227,1.0207446775512254,0.4777461612418264,0.7726077457171616,0.37812052460243806,1.3329368211182786,0.7849257195919065,0.9538665472028417,0.8780435355209866,-0.43920158412532784,0.0694885083302361,0.6907993317527146,-0.22267078729603948,0.5319723189379116,-0.6471551024731798,-0.6134989209653543,0.4469946879000547,-0.21104200329451536,1.2070134854162218,0.32363544631231456,thu-nics/MixDQ,0
-0.7498223902410326,-0.6295297191419771,0.18939881213120102,-0.11369279664973174,-0.20672634128168177,0.06677078645626673,-0.3558149552690571,-0.5960397510570433,-0.8677057342984619,-0.7311031981558805,-0.9016709750259636,-0.14524252895698495,0.4005870985757925,-0.39374270445595283,-0.06312802027407743,-0.45791790974995833,0.23885346878178085,1.1934618023367372,-0.5673507796014005,0.006359804065811225,2.0640404009403026,-0.9675174548420566,fufankeji/ReAct_AI_Agent,0
-0.6982850552195498,-0.8487506435163706,0.8377409045708363,-0.06885337079198642,-0.8518251379536307,0.8259903728881537,-0.9245231327499456,-0.17638600976797447,-0.8839563684368044,-0.6896482787416219,-0.5634446879536925,-0.9733811710837238,-0.08281768296147958,-0.2510983377957853,-0.7147385556541396,-0.45791790974995833,0.9476603257857493,3.4521627064643514,-0.47929040260724265,-0.7576740232306978,-0.04426333217968382,-0.6574469645085491,wodxgod/Simple-Obfuscator,0
-0.4856935482559328,-0.6843349502355756,-0.18131797297171595,-0.43541567717905455,-0.6522476977332464,-0.028131661847719192,-0.5995470313322951,-0.5578894109398551,-0.5688101421110905,-0.5123133456917376,-0.2829316165326425,-0.4855572171561447,-0.11452771958073761,-0.1989818587662669,-0.7147385556541396,-0.45791790974995833,-0.6471551024731798,-0.6134989209653543,0.5642250647735273,-0.5946638590254998,-0.6513418624753942,0.41811004883580505,hepesu/LineNormalizer,0
3.608763657290093,0.7014544645596981,0.49482428331723366,1.0092145394735195,0.03564649232506462,1.192042673489242,-0.208172403738629,3.8620999940657907,3.5902743491219478,3.949354608092087,3.923230548719291,-0.14771862408765996,0.30234042928453775,1.2162223251467892,-0.07143937914372106,-0.45791790974995833,2.5424757540446783,-0.4141758996205863,2.5663406360049863,0.670075466353938,-0.5953314881369064,2.7311805369933544,wjwjww/OLI2MSI,0
-0.9790279065207854,-0.5891469172835362,-1.1967777913161537,-1.1223438814708033,-0.725139617686146,-1.5116067748100248,-1.076360052862068,-1.0799466967540077,-0.49467426043109575,-1.1834709152728786,-1.0957908239972671,-0.9733811710837238,-2.21025282620975,-1.25160068219276,-0.37668496962989695,-0.45791790974995833,-0.6471551024731798,-0.6134989209653543,-0.7462523876000579,-0.6808673238701788,-1.3652316281225652,-1.575418810890644,JayveeHe/MusicTaster,0
-0.8374358597775535,-0.8487506435163706,0.36957760293709935,-0.33519956038699383,-0.8518251379536307,-0.540604882689243,-0.6174207169102658,-0.7944215196664213,-1.0385695446673202,-0.8637589402815083,-0.8694589476857474,-0.9733811710837238,0.0056051988395203756,-0.6068855466229353,-0.7147385556541396,-0.45791790974995833,-0.32819201682139393,0.1996334045205869,-0.6060973454788299,-0.48655369267680376,-0.8981263440932782,-0.7272128248335884,yousefissa/Shoe-Raffle-Scripts,0
1.1570590055538348,0.1377435161684004,-1.0756221542800877,-0.896140777867388,0.1914205722892866,2.107173424991963,-0.463869508990426,1.3687027649781423,0.15028041851056576,0.26381486778632757,0.45526067668064774,-0.0998513847390623,-0.8480935762372859,-1.040333664990234,-0.7147385556541396,-0.45791790974995833,0.15025261165628476,-0.6134989209653543,1.9379669458823887,0.2119953141216148,-0.25772908515808246,-0.13420301207075516,donce71/Pedestrians-counter-raspberry,0
-1.162121070412896,-0.8487506435163706,-1.299526342017962,-1.198806902407169,-0.8518251379536307,0.8259903728881537,-1.4363604924827453,-1.0919941725804883,-1.166020946695178,-1.0074693275842717,-0.941936009201234,-0.9733811710837238,-0.18064243387740433,-1.798214360480517,-0.7147385556541396,-0.45791790974995833,-0.6471551024731798,-0.6134989209653543,-0.7963077597862107,-1.0082764393077377,-1.4673683520356744,0.04021163874184283,gitpitch/kitchen-sink,0
-1.162121070412896,-0.8487506435163706,-1.299526342017962,-1.198806902407169,-0.8518251379536307,-1.736375731319465,-1.4363604924827453,-1.2064451929320523,0.06148231054033701,-1.311472069955502,-1.167420200582748,-0.9733811710837238,-3.008196632265912,-1.798214360480517,-0.7147385556541396,-0.45791790974995833,-0.6471551024731798,-0.6134989209653543,-0.7963077597862107,-1.0082764393077377,-1.4673683520356744,-1.7039348693841372,vivekjuneja/docker_registry_cli,0
0.018552422806530626,-0.04161905831973976,-0.7776704878145412,-0.5531191700556362,0.7118063771614455,-0.804606238880331,-0.20391000786297744,-0.5821669001053386,-0.9162465895168875,-0.7122600529675811,-0.7398787467944227,2.999652206808366,-1.0853534528968067,-1.6032511403774568,0.15308820282930644,-0.45791790974995833,0.5127106635333141,-0.060480011971157016,-0.6089793214531841,-0.9645349266833817,-0.25267088549762373,-1.3551055677589412,sarda-nikhil/pycow,0
0.09686239939761511,1.5470208871466447,-1.0387807764507693,-0.9451438646976383,-0.3489936651905848,-0.760236263049896,-0.42704855607087255,-0.6832405284677588,-0.9615614375872564,-0.8219092121109234,-0.8038844634574499,-0.7847066814223163,-0.25527014240451884,-0.5427825463949576,-0.47197131885263977,-0.45791790974995833,0.2641679993890654,-0.026467165576269304,-0.7057313720207913,-0.7999835220488997,-0.6541654835465369,-0.5079486923834652,MongoEngine/extras-mongoengine,0
-0.9302030628162228,-0.8487506435163706,-0.9942024496481335,-1.0777404525912566,-0.8518251379536307,0.8259903728881537,2.658338385379652,-0.2336115199437566,-0.21535884960214086,-0.3234631572490036,0.09287536910321445,1.7600937553463651,-0.5734314827559803,0.010382015333568863,-0.7147385556541396,-0.45791790974995833,-0.6471551024731798,-0.6134989209653543,2.294611472708728,1.3751969428309405,-1.4673683520356744,-0.6574469645085491,pimoroni/PanTiltFacetracker,0
-0.6982850552195498,-0.31756148060918626,0.12349176489885309,-0.23027530387986966,-0.29845132643347455,-0.8822536965835921,-0.2486353372053511,-0.7750528854530796,-0.02410138628164803,-0.7194107849877563,-0.6916733352503228,-0.7145900487510075,-1.419492768091882,-0.47667974917962935,1.2508338834868173,-0.45791790974995833,-0.6471551024731798,-0.6134989209653543,-0.2781063105513591,-0.6157584776717407,-0.31428838722928215,-1.2477734749511886,ChienliMa/DeConvNet,0
-0.419983446103542,-0.5528023956109395,1.281912141798803,0.8472160994817511,-0.35741738831676984,0.39892935552021724,0.023382158762045968,-0.2278889689261783,-0.36892734220947765,-0.3137903427190099,-0.4507025922629355,-0.8782236023849278,1.6979433842952676,2.5987168029979077,0.7260611940532753,-0.45791790974995833,-0.16871047399550107,0.37129467323428544,-0.7804568919272623,-0.07366687986353583,-0.4041446977778814,-0.7272128248335884,everestial/VCF-Simplify,0
-0.7214768559792171,-0.35550356367398517,-0.2817800341185342,-0.45021268771211054,-0.2676075402175969,-1.138490307004354,-0.6865636584882053,-0.462513560646885,0.05155781612013509,-0.6806663795351992,-0.7188677198702361,-0.6286772805630924,-1.5445349818700338,-1.1420432613132494,-0.7147385556541396,-0.3010916719808389,-0.16871047399550107,-0.34602118231866363,-0.6695008169146235,-0.8350599247495404,-0.3326293493610292,-0.7969786851586275,twidi/mixt,0
-0.311755042558428,-0.8487506435163706,0.6115750583709632,0.5095752227729287,-0.8518251379536307,0.541283027976196,-1.0382647682461235,0.09066637105234208,0.7283386900030356,1.1343681754857597,-0.30037979800859266,-0.612494550740423,0.2321913029824276,0.6171921812861756,-0.7147385556541396,1.1974701555907465,0.9476603257857493,1.4193318927494987,-0.6377990811967267,-0.25561194733654313,2.7228853175402983,-0.5411705306334837,aboutmydreams/what-trash,0
-1.115737468893561,-0.8487506435163706,-0.9738475234901449,-1.0696693559368626,-0.8518251379536307,-0.5833109844260365,-0.6174207169102658,-0.36523019334805545,-0.04507541902393737,-0.00702393905349568,0.824491040067877,0.8748415787668817,-1.2313276867686984,-1.1215582806903153,-0.7147385556541396,-0.45791790974995833,-0.6471551024731798,-0.6134989209653543,3.681562410366713,0.6554687793733974,-0.8981263440932782,0.8250775673985338,icemiliang/pyvot,0
-0.3504080438245401,-0.8487506435163706,2.576390847232358,1.0086380325696342,-0.8518251379536307,0.39892935552021724,0.4915602291774662,-0.17638600976797447,0.38324486647951894,0.37436131955768404,0.513242325893037,-0.8332558488839721,0.45246455048713663,0.7745537993899005,0.5314665932602293,-0.45791790974995833,-0.6471551024731798,-0.6134989209653543,3.3883213549761675,0.8283128644580033,1.4144193131727063,1.7494752167053034,woodyx218/Deep-Learning-with-GDP-Tensorflow,0
-0.3504080438245401,-0.8487506435163706,-0.957854367223154,-0.9364962611393588,-0.8518251379536307,0.39892935552021724,-0.412685773017146,-0.2336115199437566,-0.31982721192005703,-0.15073432635625916,0.45526067668064774,-0.6272885078192739,0.5032690567264527,0.931478225917729,1.7986163665260997,-0.45791790974995833,-0.6471551024731798,-0.6134989209653543,-0.2811545543703876,0.14760292166775976,-0.2475640493019684,0.21462628955444082,bojone/unsupervised-text-generation,0
0.11342797136880599,0.43369176407383175,-0.020192772698493438,-0.0063023717204316295,-0.342891669389435,-0.3697804757420683,0.2509322351863909,-0.49112631573477605,-0.5172724167009186,-0.436082354991073,-0.19663022661697951,-0.779554256533084,-0.059804674623402214,0.1427860841454313,-0.6634242259929602,-0.45791790974995833,-0.6471551024731798,-0.6134989209653543,-0.11472044185142939,-0.5678910385400439,0.03374260772917109,0.1623018943106613,ninatu/anomaly_detection,0
-0.4779629480027103,-0.30617885568974657,0.6291877236437784,-0.16974207897191343,0.3160052773965566,-0.2843682722684811,-0.12690991383299938,-0.35950764233047716,-0.6671845166271283,-0.4955010728181771,-0.36373011844435155,1.0621976280277363,-0.5843358814982952,-0.8421575149895358,-0.4018287971607911,-0.45791790974995833,-0.4876735596472868,-0.5321856884167602,-0.2771918374056505,-0.7512897891197352,-0.4806822049355209,0.6681043816671955,chenhaoxing/SSFormers,0
-0.489558848382544,-0.7501012275478935,0.22632981010025502,-0.2060620139166871,-0.8300530535659523,0.8686964746249471,0.5282419066249843,0.1955798063746092,-0.5883109030771017,-0.6454296980330793,-0.5461307232583262,-0.027386195570433744,-0.2418229308644674,-0.6991952965328089,-0.7147385556541396,-0.45791790974995833,0.6286972401339636,2.063061650425868,-0.39607334634776353,2.472499689940612,-1.1542852476673564,-0.4655908486146914,pgiri/pycos,0
0.11342797136880599,-0.35550356367398517,0.04333336979378299,0.5768343615595466,1.3979569154397908,-0.8822536965835921,0.15602240446374255,-0.9203176420531418,-0.45563608293334806,-0.17837093929909828,0.11703438960837667,0.3613479080513021,-0.036063261324958525,0.17047612766589232,-0.7147385556541396,-0.45791790974995833,0.15025261165628476,-0.1617587401398319,-0.5585447419019847,-0.2739885089178677,-0.7558158421076792,-0.4830323136959512,QuantumLiu/PornHub_downloader,0
-0.4663670476228767,-0.8487506435163706,0.6341916429909507,0.7786117779194006,-0.8518251379536307,-0.028131661847719192,-1.4363604924827453,-0.6341900911742313,-0.6123386264102223,-0.5100102946131676,-0.7567168519949903,2.0306126643096887,-0.3803069684553961,-1.087223541232019,-0.7147385556541396,-0.45791790974995833,-0.6471551024731798,-0.6134989209653543,-0.47929040260724265,-0.837133325889271,3.2763150474842946,-0.3086176628833532,S1lkys/CVE-2020-15906,0
1.9301190308760785,0.7954062892915812,-0.49604647272857283,-0.12266068182128077,-0.42605993215014437,0.541283027976196,0.7474789090438665,1.4259282751539244,0.17465636971807963,0.5171504864290196,2.0430451909921428,2.70637851993299,-1.2587972015182907,-1.6119063815647314,-0.7147385556541396,-0.45791790974995833,-0.11554995972020345,-0.34245481247004084,3.430590335933364,-0.4716707245314024,1.5319332882971783,0.9704231097423656,yxdragon/qq-snooker-helper,0
0.7705289928927131,-0.8487506435163706,0.4673943314185448,2.7694822860032935,-0.8518251379536307,-0.31283900675967674,-0.3558149552690573,0.014365690817965808,0.7770905924180628,1.000791212928704,-0.0695269354037093,0.7805897341898667,0.7562849192766169,1.4744782450067344,-0.7147385556541396,-0.45791790974995833,0.9476603257857493,0.06411135027292972,-0.2679454978212639,-0.5261615596852913,-0.3605088921476817,1.5518052791176924,haloowhite/noss-mint-script,0
0.22938697516714252,1.1242376758531716,0.26287650754722386,-0.07221632773131727,0.7896057109354049,0.9683440453441324,0.6377009972089196,0.33864358181406445,0.5960120977336744,0.45842268392548646,0.8270411588989772,-0.034960712585100556,-0.02590909821628914,0.05686003961372036,0.33109635363086,-0.40273830757193513,-0.6471551024731798,-0.6134989209653543,0.7425473281866969,0.09930735225486048,0.9095186200268297,0.9704231097423656,alxndrTL/othello_mamba,0
0.12631230512417665,0.1377435161684004,0.8955597267951979,1.1597468977102359,0.6978231276767662,0.8259903728881537,1.5520499496193703,0.6184127426734437,0.3499310664959167,0.633838407743229,0.867753582342862,0.12753874172829424,0.5041374056420802,0.5474786695219008,0.30715225221173575,-0.31602750414932645,-0.46995338822218763,-0.312338800415006,0.5422099705249879,-0.6441535919362983,0.025472868223515892,0.8929054871589887,Urban-World/UrbanWorld,0
-0.26923674116570456,-0.30617885568974657,-0.7848087101361895,-0.7185766514707165,0.008172195359661124,-1.010372001793973,-0.3002750623726833,-0.5597969279457146,0.19885820698839685,-0.62470223832595,-0.7575221526784957,-0.618544958873756,-0.8238295544843445,-0.5795800779843108,2.0244692324497957,-0.45791790974995833,0.07051184024333833,-0.4211397385120139,-0.6972398356677831,-0.688378851305381,-0.20722631206527098,-0.8841860105649265,swallors/swall,0
0.17140747326797426,-0.6021271035951778,0.15775915260553108,0.7786117779194006,-0.7520364178434386,1.039520881572122,0.5278153754918733,0.4817073572535197,0.1737858000320969,0.20508706528279444,0.5619630172451142,3.1278604387157443,0.849366419142498,0.1798378674736181,-0.7147385556541396,-0.45791790974995833,-0.24845124540844749,1.4193318927494987,0.5113888385770325,0.22288146232414605,1.787984380884904,1.0866995436174307,Whiax/sd-webui-nulienhance,0
-0.8142440590178862,-0.8487506435163706,2.4067664625824534,0.5163011366515904,-0.8518251379536307,0.39892935552021724,-0.6686044528835458,-0.3194497852074297,-0.2989335394564738,-0.5652835204988459,-0.5412989191572939,-0.6850226662862393,1.0926612363057753,1.517072790797132,0.9957390997185231,-0.45791790974995833,-0.6471551024731798,-0.6134989209653543,-0.6179854963730411,3.183843572905127,-0.9930000120836776,0.04021163874184283,cldeluna/nornir-config,0
-0.25228888676440925,-0.0899089822203929,-0.17096964283858695,-0.6152045289355912,-0.34078593496507115,-0.7508503066242274,1.7993703034690949,-0.8366803579500757,-0.8100249120272021,-0.7300402515042329,-0.31627932432395595,-0.00428910925429137,-0.28571662926335584,0.5919447356228454,-0.7147385556541396,-0.45791790974995833,-0.6471551024731798,-0.6134989209653543,-0.3146852363797015,-0.8873786636558116,-0.2559045915428825,-0.2817846396814151,bcol23/HyperIM,0
-0.07983703496175483,-0.8487506435163706,-0.5913445361046101,-0.593474653327607,-0.8518251379536307,1.3954050627120689,-0.028807753217546243,0.2051173914039063,-0.6193031838980835,-0.4823736816703285,0.008318797335146674,0.32324489756217734,0.17762911582832716,1.3692927475230354,-0.7147385556541396,-0.45791790974995833,-0.6471551024731798,-0.6134989209653543,-0.47929040260724265,-0.6797895364305875,1.1416575177003083,-0.19234122900828793,shouxieai/word_2_vec,0
-0.24894391550099568,-0.23219179371338877,0.2188087860451532,-0.3614306245137748,-0.4708136611692609,-0.028131661847719192,1.0126898743101775,-0.5626582034545037,-0.75532969733287,-0.5868746243604389,-0.37419902732992183,1.1144331587150378,-0.8219858333393555,-0.8449683768837324,0.07068485752718519,-0.45791790974995833,-0.6471551024731798,-0.6134989209653543,0.17951129278030037,-0.595080692637337,0.219180513757943,-0.17780667477390466,SongjieXie/Discrete-TaskOriented-JSCC,0
-0.002531032429530542,-0.14411195802724847,1.8761842382275464,0.8708528825410481,2.325862416724174,-0.028131661847719192,0.3494787660135437,-0.0946352809454287,0.21893105660519652,0.21643781702717457,0.8354776422499866,0.2046448664618578,0.14234321964521784,0.387015852365681,-0.435476897634113,-0.45791790974995833,-0.6471551024731798,-0.6134989209653543,0.5057278143416938,1.2531236512276136,-0.0203456007535328,0.48870645511709476,BenMSK/trajectory-prediction-for-KalmanPrediction-and-DeepLearning,0
1.5513196184681788,2.061407127553704,2.6983170641938297,1.7188945381563203,1.015796356423849,1.9363490180447884,1.0053212937908416,0.7506672550796958,1.232050310312588,1.1924050626657217,1.6108671575109073,0.0838728204319457,-0.11066111344935639,0.47030260759463516,0.29188406769008834,-0.38839161100564906,-0.6471551024731798,-0.6134989209653543,2.1519536619781925,0.7704758741877743,0.17295251912847912,1.3832044499988472,VisionICLab/SwinFuSR,0
